year,sex,name,n,prop
1880,F,Ida,1472,0.01508119
1880,F,John,46,4.7129e-4
1880,F,James,22,2.254e-4
1880,M,John,9655,0.08154561
1880,M,James,5927,0.05005912
1880,M,Ezra,39,3.2939e-4
1880,M,Ida,8,6.757e-5
1881,F,Ida,1439,0.01455667
1881,F,John,26,2.6301e-4
1881,F,James,24,2.4278e-4
1881,M,John,8769,0.08098299
1881,M,James,5441,0.05024843
1881,M,Ezra,44,4.0635e-4
1881,M,Ida,5,4.618e-5
1882,F,Ida,1673,0.01446043
1882,F,John,40,3.4574e-4
1882,F,James,18,1.5558e-4
1882,M,John,9557,0.07831617
1882,M,James,5892,0.04828281
1882,M,Ezra,41,3.3598e-4
1882,M,Ida,5,4.097e-5
1883,F,Ida,1634,0.01360998
1883,F,John,40,3.3317e-4
1883,F,James,25,2.0823e-4
1883,M,John,8894,0.07907394
1883,M,James,5223,0.04643616
1883,M,Ezra,28,2.4894e-4
1883,M,Ida,5,4.445e-5
1884,F,Ida,1882,0.01367872
1884,F,John,40,2.9073e-4
1884,F,James,33,2.3985e-4
1884,M,John,9388,0.07648813
1884,M,James,5693,0.04638335
1884,M,Ezra,43,3.5034e-4
1884,M,Ida,8,6.518e-5
1885,F,Ida,1854,0.01306112
1885,F,John,45,3.1702e-4
1885,F,James,26,1.8317e-4
1885,M,John,8756,0.07551856
1885,M,James,5175,0.04463323
1885,M,Ezra,24,2.0699e-4
1885,M,Ida,6,5.175e-5
1886,F,Ida,2049,0.01332813
1886,F,John,48,3.1223e-4
1886,F,James,29,1.8864e-4
1886,M,John,9026,0.07582262
1886,M,James,5355,0.0449845
1886,M,Ezra,39,3.2762e-4
1886,M,Ida,8,6.72e-5
1887,F,Ida,1929,0.01241137
1887,F,John,56,3.6031e-4
1887,F,James,19,1.2225e-4
1887,M,John,8110,0.07419063
1887,M,James,4768,0.04361787
1887,M,Ezra,33,3.0189e-4
1887,M,Ida,9,8.233e-5
1888,F,Ida,2229,0.01176595
1888,F,John,52,2.7449e-4
1888,F,James,45,2.3754e-4
1888,M,John,9247,0.07118224
1888,M,James,5562,0.04281557
1888,M,Ezra,32,2.4633e-4
1888,M,Ida,13,1.0007e-4
1889,F,Ida,2122,0.01121452
1889,F,John,52,2.7481e-4
1889,F,James,26,1.3741e-4
1889,F,Fae,6,3.171e-5
1889,M,John,8548,0.07181262
1889,M,James,5020,0.04217353
1889,M,Ezra,33,2.7724e-4
1889,M,Ida,8,6.721e-5
1890,F,Ida,2178,0.0108003
1890,F,John,56,2.7769e-4
1890,F,James,33,1.6364e-4
1890,M,John,8502,0.07102698
1890,M,James,5097,0.0425811
1890,M,Ezra,43,3.5923e-4
1890,M,Ida,10,8.354e-5
1891,F,Ida,2002,0.01018487
1891,F,John,44,2.2384e-4
1891,F,James,31,1.5771e-4
1891,F,Fae,7,3.561e-5
1891,M,John,7680,0.07028783
1891,M,James,4516,0.04133071
1891,M,Ezra,38,3.4778e-4
1892,F,Ida,2259,0.01004388
1892,F,John,54,2.4009e-4
1892,F,James,22,9.782e-5
1892,F,Fae,9,4.002e-5
1892,M,John,9039,0.06876222
1892,M,James,5398,0.04106411
1892,M,Ezra,44,3.3472e-4
1892,M,Ida,10,7.607e-5
1893,F,Ida,2247,0.00997638
1893,F,John,61,2.7083e-4
1893,F,James,23,1.0212e-4
1893,F,Fae,10,4.44e-5
1893,M,John,8049,0.06649813
1893,M,James,5030,0.04155617
1893,M,Ezra,38,3.1394e-4
1893,M,Ida,9,7.435e-5
1894,F,Ida,2195,0.00930199
1894,F,John,60,2.5427e-4
1894,F,James,25,1.0595e-4
1894,F,Fae,9,3.814e-5
1894,M,John,8238,0.06596046
1894,M,James,5110,0.04091502
1894,M,Ezra,44,3.523e-4
1894,M,Ida,9,7.206e-5
1895,F,Ida,2170,0.00878166
1895,F,John,61,2.4686e-4
1895,F,James,34,1.3759e-4
1895,F,Fae,15,6.07e-5
1895,M,John,8320,0.06569649
1895,M,James,5335,0.04212629
1895,M,Ezra,45,3.5533e-4
1895,M,Ida,10,7.896e-5
1896,F,Ida,2159,0.0085677
1896,F,John,50,1.9842e-4
1896,F,James,28,1.1111e-4
1896,F,Fae,13,5.159e-5
1896,M,John,8138,0.06305057
1896,M,James,5207,0.04034214
1896,M,Ezra,45,3.4865e-4
1896,M,Ida,5,3.874e-5
1897,F,Ida,2108,0.00849059
1897,F,John,46,1.8528e-4
1897,F,James,30,1.2083e-4
1897,F,Fae,21,8.458e-5
1897,M,John,7550,0.06191468
1897,M,James,5113,0.04192977
1897,M,Ezra,43,3.5263e-4
1897,M,Ida,6,4.92e-5
1898,F,Ida,2090,0.00762373
1898,F,John,55,2.0062e-4
1898,F,James,29,1.0578e-4
1898,F,Fae,6,2.189e-5
1898,M,John,8159,0.06176195
1898,M,James,5321,0.04027887
1898,M,Ezra,40,3.0279e-4
1898,M,Ida,8,6.056e-5
1899,F,Ida,1804,0.00728918
1899,F,John,40,1.6162e-4
1899,F,James,27,1.091e-4
1899,F,Fae,19,7.677e-5
1899,M,John,6990,0.06068077
1899,M,James,4597,0.03990694
1899,M,Ezra,25,2.1703e-4
1899,M,Ida,10,8.681e-5
1900,F,Ida,2285,0.00719114
1900,F,John,46,1.4477e-4
1900,F,James,41,1.2903e-4
1900,F,Fae,15,4.721e-5
1900,M,John,9829,0.06062307
1900,M,James,7245,0.04468554
1900,M,Ezra,42,2.5905e-4
1900,M,Ida,13,8.018e-5
1901,F,Ida,1835,0.0072179
1901,F,John,39,1.5341e-4
1901,F,James,30,1.18e-4
1901,F,Fae,13,5.114e-5
1901,M,John,6900,0.05969116
1901,M,James,4735,0.04096198
1901,M,Ezra,20,1.7302e-4
1901,M,Ida,6,5.191e-5
1902,F,Ida,1836,0.00654933
1902,F,John,38,1.3555e-4
1902,F,James,30,1.0702e-4
1902,F,Fae,16,5.707e-5
1902,M,John,7907,0.05956309
1902,M,James,5592,0.04212429
1902,M,Ezra,26,1.9586e-4
1903,F,Ida,1774,0.0063768
1903,F,John,41,1.4738e-4
1903,F,James,28,1.0065e-4
1903,F,Fae,15,5.392e-5
1903,M,John,7608,0.05882808
1903,M,James,5480,0.04237354
1903,M,Ezra,33,2.5517e-4
1903,M,Ida,6,4.639e-5
1904,F,Ida,1751,0.00598763
1904,F,John,40,1.3678e-4
1904,F,James,27,9.233e-5
1904,F,Fae,20,6.839e-5
1904,M,John,8108,0.05853813
1904,M,James,5855,0.04227193
1904,M,Ezra,34,2.4547e-4
1904,M,Ida,6,4.332e-5
1905,F,Ida,1757,0.00567021
1905,F,John,43,1.3877e-4
1905,F,James,35,1.1295e-4
1905,F,Fae,16,5.164e-5
1905,M,John,8060,0.05626998
1905,M,James,6042,0.04218154
1905,M,Ezra,32,2.234e-4
1905,M,Ida,11,7.68e-5
1905,M,Grayson,6,4.189e-5
1906,F,Ida,1753,0.00559278
1906,F,John,43,1.3719e-4
1906,F,James,37,1.1804e-4
1906,F,Fae,24,7.657e-5
1906,M,John,8265,0.05736755
1906,M,James,5908,0.04100756
1906,M,Ezra,31,2.1517e-4
1906,M,Ida,6,4.165e-5
1907,F,Ida,1980,0.00586781
1907,F,John,65,1.9263e-4
1907,F,James,45,1.3336e-4
1907,F,Fae,12,3.556e-5
1907,M,John,8983,0.05664399
1907,M,James,6707,0.04229224
1907,M,Ezra,31,1.9548e-4
1907,M,Ida,5,3.153e-5
1908,F,Ida,1952,0.00550587
1908,F,John,58,1.636e-4
1908,F,James,32,9.026e-5
1908,F,Fae,28,7.898e-5
1908,M,John,9342,0.05615263
1908,M,James,7012,0.04214753
1908,M,Ezra,25,1.5027e-4
1908,M,Ida,7,4.208e-5
1908,M,Grayson,6,3.606e-5
1909,F,Ida,1943,0.00527851
1909,F,John,67,1.8202e-4
1909,F,James,52,1.4127e-4
1909,F,Fae,22,5.977e-5
1909,M,John,9591,0.05422719
1909,M,James,7594,0.04293622
1909,M,Ezra,30,1.6962e-4
1909,M,Ida,13,7.35e-5
1910,F,Ida,2107,0.00502233
1910,F,John,88,2.0976e-4
1910,F,James,63,1.5017e-4
1910,F,Fae,31,7.389e-5
1910,M,John,11450,0.05491054
1910,M,James,9195,0.04409628
1910,M,Ezra,42,2.0142e-4
1910,M,Ida,6,2.877e-5
1910,M,Grayson,5,2.398e-5
1911,F,Ida,2119,0.00479609
1911,F,James,69,1.5617e-4
1911,F,John,68,1.5391e-4
1911,F,Fae,27,6.111e-5
1911,M,John,13446,0.05570124
1911,M,James,9951,0.04122289
1911,M,Ezra,46,1.9056e-4
1911,M,Ida,14,5.8e-5
1911,M,Grayson,5,2.071e-5
1912,F,Ida,2740,0.00467009
1912,F,John,112,1.9089e-4
1912,F,James,81,1.3806e-4
1912,F,Fae,32,5.454e-5
1912,M,John,24587,0.05446144
1912,M,James,17644,0.03908235
1912,M,Ezra,89,1.9714e-4
1912,M,Ida,14,3.101e-5
1912,M,Grayson,12,2.658e-5
1913,F,Ida,2916,0.0044525
1913,F,John,122,1.8628e-4
1913,F,James,95,1.4506e-4
1913,F,Fae,38,5.802e-5
1913,M,John,29329,0.05469308
1913,M,James,20831,0.0388459
1913,M,Ezra,84,1.5664e-4
1913,M,Grayson,15,2.797e-5
1913,M,Ida,5,9.32e-6
1914,F,Ida,3561,0.00447014
1914,F,John,169,2.1215e-4
1914,F,James,107,1.3432e-4
1914,F,Fae,52,6.528e-5
1914,M,John,37948,0.05553434
1914,M,James,26263,0.03843413
1914,M,Ezra,107,1.5659e-4
1914,M,Grayson,15,2.195e-5
1914,M,Ida,14,2.049e-5
1915,F,Ida,4125,0.00402881
1915,F,John,200,1.9534e-4
1915,F,James,155,1.5139e-4
1915,F,Fae,65,6.348e-5
1915,F,Ezra,7,6.84e-6
1915,M,John,47577,0.05400708
1915,M,James,33776,0.03834086
1915,M,Ezra,135,1.5325e-4
1915,M,Grayson,27,3.065e-5
1915,M,Ida,15,1.703e-5
1916,F,Ida,4364,0.00401945
1916,F,John,227,2.0908e-4
1916,F,James,166,1.5289e-4
1916,F,Fae,79,7.276e-5
1916,M,John,50045,0.05420484
1916,M,James,35569,0.03852557
1916,M,Ezra,153,1.6572e-4
1916,M,Grayson,24,2.599e-5
1916,M,Ida,17,1.841e-5
1917,F,Ida,4247,0.00377949
1917,F,John,253,2.2515e-4
1917,F,James,182,1.6197e-4
1917,F,Fae,70,6.229e-5
1917,M,John,51853,0.05405155
1917,M,James,37339,0.03892216
1917,M,Ezra,140,1.4594e-4
1917,M,Grayson,26,2.71e-5
1917,M,Ida,14,1.459e-5
1918,F,Ida,4450,0.00370104
1918,F,John,248,2.0626e-4
1918,F,James,212,1.7632e-4
1918,F,Fae,61,5.073e-5
1918,F,Ezra,6,4.99e-6
1918,M,John,56559,0.05393383
1918,M,James,42119,0.04016405
1918,M,Ezra,142,1.3541e-4
1918,M,Grayson,25,2.384e-5
1918,M,Ida,20,1.907e-5
1919,F,Ida,4163,0.00354404
1919,F,John,307,2.6135e-4
1919,F,James,192,1.6345e-4
1919,F,Fae,58,4.938e-5
1919,M,John,53529,0.05272043
1919,M,James,42392,0.04175165
1919,M,Ezra,143,1.4084e-4
1919,M,Grayson,35,3.447e-5
1919,M,Ida,11,1.083e-5
1920,F,Ida,4090,0.00328768
1920,F,John,281,2.2588e-4
1920,F,James,249,2.0015e-4
1920,F,Fae,63,5.064e-5
1920,M,John,56913,0.05170069
1920,M,James,47909,0.04352131
1920,M,Ezra,142,1.29e-4
1920,M,Grayson,28,2.544e-5
1920,M,Ida,14,1.272e-5
1921,F,Ida,4146,0.00323979
1921,F,John,285,2.2271e-4
1921,F,James,231,1.8051e-4
1921,F,Fae,61,4.767e-5
1921,F,Ezra,6,4.69e-6
1921,M,John,58217,0.05115999
1921,M,James,49749,0.04371847
1921,M,Ezra,164,1.4412e-4
1921,M,Grayson,21,1.845e-5
1921,M,Ida,18,1.582e-5
1922,F,Ida,3986,0.00319505
1922,F,John,285,2.2845e-4
1922,F,James,239,1.9157e-4
1922,F,Fae,55,4.409e-5
1922,M,John,57276,0.05090019
1922,M,James,49803,0.04425907
1922,M,Ezra,149,1.3241e-4
1922,M,Grayson,33,2.933e-5
1922,M,Ida,13,1.155e-5
1923,F,Ida,3889,0.00310509
1923,F,John,335,2.6747e-4
1923,F,James,280,2.2356e-4
1923,F,Fae,52,4.152e-5
1923,M,John,57472,0.05075575
1923,M,James,50465,0.04456759
1923,M,Ezra,166,1.466e-4
1923,M,Grayson,29,2.561e-5
1923,M,Ida,14,1.236e-5
1924,F,Ida,3861,0.00297984
1924,F,John,383,2.9559e-4
1924,F,James,274,2.1147e-4
1924,F,Fae,61,4.708e-5
1924,F,Ezra,5,3.86e-6
1924,M,John,59052,0.05051212
1924,M,James,52944,0.04528743
1924,M,Ezra,143,1.2232e-4
1924,M,Grayson,28,2.395e-5
1924,M,Ida,18,1.54e-5
1925,F,Ida,3488,0.00276151
1925,F,John,366,2.8977e-4
1925,F,James,365,2.8898e-4
1925,F,Fae,63,4.988e-5
1925,M,John,57197,0.04967411
1925,M,James,52681,0.04575208
1925,M,Ezra,133,1.1551e-4
1925,M,Grayson,28,2.432e-5
1925,M,Ida,20,1.737e-5
1926,F,Ida,3285,0.0026704
1926,F,John,385,3.1297e-4
1926,F,James,359,2.9183e-4
1926,F,Fae,54,4.39e-5
1926,M,John,56119,0.04899058
1926,M,James,53205,0.04644672
1926,M,Ezra,139,1.2134e-4
1926,M,Grayson,26,2.27e-5
1926,M,Ida,13,1.135e-5
1927,F,Ida,3205,0.00259221
1927,F,John,440,3.5587e-4
1927,F,James,389,3.1462e-4
1927,F,Fae,62,5.015e-5
1927,F,Ezra,7,5.66e-6
1927,M,John,55947,0.04815317
1927,M,James,53675,0.04619768
1927,M,Ezra,114,9.812e-5
1927,M,Grayson,22,1.894e-5
1927,M,Ida,22,1.894e-5
1928,F,Ida,2994,0.00250447
1928,F,James,427,3.5718e-4
1928,F,John,424,3.5467e-4
1928,F,Fae,46,3.848e-5
1928,M,John,53755,0.04710512
1928,M,James,52753,0.04622708
1928,M,Ezra,117,1.0253e-4
1928,M,Grayson,26,2.278e-5
1928,M,Ida,14,1.227e-5
1929,F,Ida,2673,0.00230925
1929,F,John,411,3.5507e-4
1929,F,James,397,3.4297e-4
1929,F,Fae,43,3.715e-5
1929,M,James,52122,0.04706114
1929,M,John,52116,0.04705572
1929,M,Ezra,106,9.571e-5
1929,M,Grayson,32,2.889e-5
1929,M,Ida,25,2.257e-5
1930,F,Ida,2644,0.00226676
1930,F,James,419,3.5922e-4
1930,F,John,402,3.4464e-4
1930,F,Fae,34,2.915e-5
1930,M,James,53944,0.04776248
1930,M,John,52432,0.04642375
1930,M,Ezra,109,9.651e-5
1930,M,Grayson,16,1.417e-5
1930,M,Ida,13,1.151e-5
1931,F,Ida,2417,0.00219006
1931,F,James,345,3.1261e-4
1931,F,John,325,2.9448e-4
1931,F,Fae,32,2.9e-5
1931,M,James,51213,0.04788195
1931,M,John,48420,0.04527061
1931,M,Ezra,84,7.854e-5
1931,M,Grayson,39,3.646e-5
1931,M,Ida,13,1.215e-5
1932,F,Ida,2316,0.00209361
1932,F,James,320,2.8927e-4
1932,F,John,298,2.6939e-4
1932,F,Fae,46,4.158e-5
1932,M,James,51920,0.04832964
1932,M,John,48611,0.04524946
1932,M,Ezra,82,7.633e-5
1932,M,Grayson,20,1.862e-5
1932,M,Ida,16,1.489e-5
1933,F,Ida,2064,0.00197335
1933,F,James,299,2.8587e-4
1933,F,John,226,2.1607e-4
1933,F,Fae,41,3.92e-5
1933,M,James,51106,0.05010353
1933,M,John,46220,0.04531337
1933,M,Ezra,88,8.627e-5
1933,M,Ida,17,1.667e-5
1933,M,Grayson,16,1.569e-5
1934,F,Ida,1972,0.00182217
1934,F,James,262,2.4209e-4
1934,F,John,257,2.3747e-4
1934,F,Fae,34,3.142e-5
1934,M,James,54243,0.05108888
1934,M,John,46737,0.04401933
1934,M,Ezra,106,9.984e-5
1934,M,Grayson,20,1.884e-5
1934,M,Ida,15,1.413e-5
1935,F,Ida,1923,0.00176957
1935,F,James,238,2.1901e-4
1935,F,John,208,1.914e-4
1935,F,Fae,32,2.945e-5
1935,M,James,55000,0.05143133
1935,M,John,47497,0.04441516
1935,M,Ezra,78,7.294e-5
1935,M,Ida,14,1.309e-5
1935,M,Grayson,11,1.029e-5
1936,F,Ida,1799,0.00166962
1936,F,James,229,2.1253e-4
1936,F,John,203,1.884e-4
1936,F,Fae,28,2.599e-5
1936,M,James,54684,0.05138653
1936,M,John,47667,0.04479266
1936,M,Ezra,98,9.209e-5
1936,M,Grayson,25,2.349e-5
1936,M,Ida,9,8.46e-6
1937,F,Ida,1784,0.00161922
1937,F,James,251,2.2782e-4
1937,F,John,218,1.9786e-4
1937,F,Fae,32,2.904e-5
1937,M,James,56549,0.05171457
1937,M,John,48746,0.04457865
1937,M,Ezra,72,6.584e-5
1937,M,Grayson,22,2.012e-5
1937,M,Ida,12,1.097e-5
1938,F,Ida,1724,0.00151048
1938,F,James,275,2.4094e-4
1938,F,John,216,1.8925e-4
1938,F,Fae,21,1.84e-5
1938,M,James,59096,0.0520073
1938,M,John,50513,0.04445385
1938,M,Ezra,52,4.576e-5
1938,M,Grayson,25,2.2e-5
1938,M,Ida,12,1.056e-5
1939,F,Ida,1589,0.00140118
1939,F,James,268,2.3632e-4
1939,F,John,228,2.0105e-4
1939,F,Fae,18,1.587e-5
1939,M,James,59628,0.0526209
1939,M,John,51017,0.04502181
1939,M,Ezra,49,4.324e-5
1939,M,Grayson,18,1.588e-5
1939,M,Ida,14,1.235e-5
1940,F,Ida,1688,0.001429
1940,F,James,259,2.1926e-4
1940,F,John,208,1.7608e-4
1940,F,Fae,22,1.862e-5
1940,F,Maeve,8,6.77e-6
1940,M,James,62471,0.05267272
1940,M,John,54777,0.04618548
1940,M,Ezra,60,5.059e-5
1940,M,Grayson,17,1.433e-5
1940,M,Ida,9,7.59e-6
1941,F,Ida,1609,0.00129148
1941,F,James,255,2.0468e-4
1941,F,John,221,1.7739e-4
1941,F,Fae,24,1.926e-5
1941,F,Maeve,10,8.03e-6
1941,M,James,66731,0.05318677
1941,M,John,57515,0.04584132
1941,M,Ezra,48,3.826e-5
1941,M,Grayson,33,2.63e-5
1941,M,Ida,10,7.97e-6
1942,F,Ida,1620,0.00116514
1942,F,James,282,2.0282e-4
1942,F,John,240,1.7261e-4
1942,F,Fae,28,2.014e-5
1942,M,James,77173,0.05480764
1942,M,John,66027,0.04689184
1942,M,Ezra,59,4.19e-5
1942,M,Grayson,26,1.846e-5
1942,M,Ida,11,7.81e-6
1943,F,Ida,1477,0.00102907
1943,F,James,271,1.8881e-4
1943,F,John,229,1.5955e-4
1943,F,Fae,23,1.602e-5
1943,F,Maeve,6,4.18e-6
1943,M,James,80258,0.05518627
1943,M,John,68915,0.0473867
1943,M,Ezra,59,4.057e-5
1943,M,Grayson,25,1.719e-5
1943,M,Ida,6,4.13e-6
1944,F,Ida,1335,9.7698e-4
1944,F,James,237,1.7344e-4
1944,F,John,180,1.3173e-4
1944,F,Fae,16,1.171e-5
1944,F,Maeve,5,3.66e-6
1944,M,James,76947,0.05539868
1944,M,John,66612,0.04795791
1944,M,Ezra,64,4.608e-5
1944,M,Grayson,27,1.944e-5
1945,F,Ida,1232,9.1526e-4
1945,F,James,246,1.8276e-4
1945,F,John,197,1.4635e-4
1945,F,Fae,10,7.43e-6
1945,F,Maeve,6,4.46e-6
1945,M,James,74450,0.05429214
1945,M,John,66118,0.04821609
1945,M,Ezra,50,3.646e-5
1945,M,Grayson,15,1.094e-5
1945,M,Ida,5,3.65e-6
1946,F,Ida,1390,8.6183e-4
1946,F,James,250,1.5501e-4
1946,F,John,208,1.2896e-4
1946,F,Fae,15,9.3e-6
1946,M,James,87431,0.05298142
1946,M,John,79261,0.04803057
1946,M,Ezra,52,3.151e-5
1946,M,Grayson,19,1.151e-5
1946,M,Ida,7,4.24e-6
1947,F,Ida,1348,7.4155e-4
1947,F,James,257,1.4138e-4
1947,F,John,203,1.1167e-4
1947,F,Fae,22,1.21e-5
1947,F,Maeve,7,3.85e-6
1947,M,James,94756,0.05101589
1947,M,John,88318,0.04754972
1947,M,Ezra,59,3.177e-5
1947,M,Grayson,24,1.292e-5
1948,F,Ida,1303,7.4774e-4
1948,F,James,251,1.4404e-4
1948,F,John,192,1.1018e-4
1948,F,Fae,18,1.033e-5
1948,M,James,88588,0.04969695
1948,M,John,82830,0.04646677
1948,M,Ezra,57,3.198e-5
1948,M,Grayson,37,2.076e-5
1948,M,Ida,6,3.37e-6
1949,F,Ida,1289,7.3427e-4
1949,F,James,257,1.464e-4
1949,F,John,199,1.1336e-4
1949,F,Fae,24,1.367e-5
1949,F,Maeve,8,4.56e-6
1949,M,James,86855,0.04820364
1949,M,John,81155,0.0450402
1949,M,Ezra,66,3.663e-5
1949,M,Grayson,18,9.99e-6
1949,M,Ida,5,2.77e-6
1950,F,Ida,1195,6.7951e-4
1950,F,James,252,1.4329e-4
1950,F,John,179,1.0178e-4
1950,F,Fae,20,1.137e-5
1950,M,James,86239,0.04740837
1950,M,John,79420,0.04365974
1950,M,Ezra,75,4.123e-5
1950,M,Grayson,29,1.594e-5
1951,F,Ida,1076,5.8248e-4
1951,F,James,256,1.3858e-4
1951,F,John,203,1.0989e-4
1951,F,Fae,30,1.624e-5
1951,F,Maeve,7,3.79e-6
1951,M,James,87272,0.04564846
1951,M,John,81577,0.04266963
1951,M,Ezra,78,4.08e-5
1951,M,Grayson,25,1.308e-5
1952,F,Ida,1063,5.588e-4
1952,F,James,259,1.3615e-4
1952,F,John,198,1.0409e-4
1952,F,Fae,27,1.419e-5
1952,F,Maeve,8,4.21e-6
1952,M,James,87107,0.0441227
1952,M,John,83163,0.04212493
1952,M,Ezra,57,2.887e-5
1952,M,Grayson,29,1.469e-5
1952,M,Ida,7,3.55e-6
1953,F,Ida,1017,5.2719e-4
1953,F,James,236,1.2234e-4
1953,F,John,163,8.45e-5
1953,F,Fae,20,1.037e-5
1953,F,Maeve,9,4.67e-6
1953,M,James,86009,0.04297751
1953,M,John,80125,0.04003736
1953,M,Ezra,77,3.848e-5
1953,M,Grayson,23,1.149e-5
1953,M,Ida,5,2.5e-6
1954,F,Ida,1061,5.3294e-4
1954,F,James,226,1.1352e-4
1954,F,John,184,9.242e-5
1954,F,Fae,12,6.03e-6
1954,F,Maeve,11,5.53e-6
1954,M,James,86288,0.04171701
1954,M,John,81166,0.03924071
1954,M,Ezra,57,2.756e-5
1954,M,Grayson,28,1.354e-5
1955,F,Ida,935,4.6641e-4
1955,F,James,247,1.2321e-4
1955,F,John,185,9.228e-5
1955,F,Fae,14,6.98e-6
1955,F,Maeve,7,3.49e-6
1955,M,James,84157,0.04027433
1955,M,John,80056,0.03831175
1955,M,Ezra,71,3.398e-5
1955,M,Grayson,25,1.196e-5
1956,F,Ida,932,4.5259e-4
1956,F,James,249,1.2092e-4
1956,F,John,223,1.0829e-4
1956,F,Fae,10,4.86e-6
1956,F,Maeve,5,2.43e-6
1956,M,James,84837,0.03955889
1956,M,John,80761,0.03765828
1956,M,Ezra,71,3.311e-5
1956,M,Grayson,24,1.119e-5
1956,M,Ida,10,4.66e-6
1957,F,Ida,870,4.1477e-4
1957,F,James,280,1.3349e-4
1957,F,John,225,1.0727e-4
1957,F,Fae,8,3.81e-6
1957,F,Zo,6,2.86e-6
1957,F,Maeve,5,2.38e-6
1957,M,James,84270,0.03852415
1957,M,John,78981,0.03610628
1957,M,Ezra,71,3.246e-5
1957,M,Grayson,26,1.189e-5
1958,F,Ida,792,3.8353e-4
1958,F,James,252,1.2203e-4
1958,F,John,207,1.0024e-4
1958,F,Maeve,11,5.33e-6
1958,F,Fae,10,4.84e-6
1958,M,James,78709,0.03655716
1958,M,John,75992,0.03529523
1958,M,Ezra,60,2.787e-5
1958,M,Grayson,16,7.43e-6
1959,F,Ida,820,3.9451e-4
1959,F,James,296,1.4241e-4
1959,F,John,231,1.1114e-4
1959,F,Fae,17,8.18e-6
1959,F,Maeve,11,5.29e-6
1959,M,James,78601,0.03628426
1959,M,John,76419,0.03527699
1959,M,Ezra,60,2.77e-5
1959,M,Grayson,22,1.016e-5
1960,F,Ida,737,3.5435e-4
1960,F,James,289,1.3895e-4
1960,F,John,242,1.1636e-4
1960,F,Maeve,15,7.21e-6
1960,F,Fae,8,3.85e-6
1960,M,James,76842,0.03548143
1960,M,John,76096,0.03513697
1960,M,Ezra,62,2.863e-5
1960,M,Grayson,36,1.662e-5
1961,F,Ida,701,3.376e-4
1961,F,James,287,1.3822e-4
1961,F,John,277,1.334e-4
1961,F,Fae,14,6.74e-6
1961,F,Maeve,12,5.78e-6
1961,F,Grayson,5,2.41e-6
1961,M,John,79923,0.03707079
1961,M,James,75917,0.03521269
1961,M,Ezra,61,2.829e-5
1961,M,Grayson,22,1.02e-5
1961,M,Ida,5,2.32e-6
1962,F,Ida,658,3.2462e-4
1962,F,John,284,1.4011e-4
1962,F,James,262,1.2926e-4
1962,F,Fae,9,4.44e-6
1962,F,Maeve,5,2.47e-6
1962,M,John,78437,0.03731451
1962,M,James,72557,0.03451724
1962,M,Ezra,57,2.712e-5
1962,M,Grayson,26,1.237e-5
1963,F,Ida,625,3.144e-4
1963,F,James,311,1.5644e-4
1963,F,John,260,1.3079e-4
1963,F,Maeve,16,8.05e-6
1963,F,Fae,9,4.53e-6
1963,M,John,78636,0.03807694
1963,M,James,71327,0.03453779
1963,M,Ezra,67,3.244e-5
1963,M,Grayson,24,1.162e-5
1964,F,Ida,579,2.9582e-4
1964,F,James,317,1.6196e-4
1964,F,John,264,1.3488e-4
1964,F,Maeve,12,6.13e-6
1964,F,Fae,7,3.58e-6
1964,M,John,82529,0.04070822
1964,M,James,73044,0.03602965
1964,M,Ezra,45,2.22e-5
1964,M,Grayson,26,1.282e-5
1964,M,Ida,6,2.96e-6
1965,F,Ida,519,2.8401e-4
1965,F,James,303,1.6581e-4
1965,F,John,252,1.379e-4
1965,F,Maeve,11,6.02e-6
1965,F,Fae,8,4.38e-6
1965,M,John,71551,0.0377536
1965,M,James,67703,0.03572322
1965,M,Ezra,59,3.113e-5
1965,M,Grayson,18,9.5e-6
1965,M,Ida,5,2.64e-6
1966,F,Ida,513,2.9221e-4
1966,F,James,298,1.6974e-4
1966,F,John,284,1.6177e-4
1966,F,Maeve,7,3.99e-6
1966,F,Fae,5,2.85e-6
1966,M,James,65180,0.03585432
1966,M,John,65038,0.03577621
1966,M,Ezra,57,3.135e-5
1966,M,Grayson,31,1.705e-5
1967,F,Ida,479,2.7902e-4
1967,F,James,311,1.8116e-4
1967,F,John,289,1.6835e-4
1967,F,Maeve,6,3.5e-6
1967,M,James,61699,0.03466676
1967,M,John,61623,0.03462406
1967,M,Ezra,52,2.922e-5
1967,M,Grayson,37,2.079e-5
1967,M,Ida,8,4.49e-6
1968,F,Ida,403,2.3573e-4
1968,F,James,312,1.825e-4
1968,F,John,304,1.7782e-4
1968,F,Maeve,6,3.51e-6
1968,M,John,60931,0.03430666
1968,M,James,60704,0.03417885
1968,M,Ezra,55,3.097e-5
1968,M,Grayson,28,1.577e-5
1969,F,Ida,390,2.2125e-4
1969,F,James,330,1.8721e-4
1969,F,John,288,1.6338e-4
1969,F,Maeve,12,6.81e-6
1969,F,Grayson,6,3.4e-6
1969,M,James,59912,0.03273917
1969,M,John,58776,0.0321184
1969,M,Ezra,73,3.989e-5
1969,M,Grayson,34,1.858e-5
1970,F,Ida,385,2.1017e-4
1970,F,James,353,1.927e-4
1970,F,John,290,1.5831e-4
1970,M,James,61766,0.03241251
1970,M,John,58520,0.03070913
1970,M,Ezra,70,3.673e-5
1970,M,Grayson,45,2.361e-5
1971,F,Ida,346,1.9745e-4
1971,F,James,302,1.7234e-4
1971,F,John,272,1.5522e-4
1971,F,Maeve,10,5.71e-6
1971,F,Fae,7,3.99e-6
1971,F,Grayson,7,3.99e-6
1971,M,James,54622,0.03003881
1971,M,John,51516,0.0283307
1971,M,Ezra,96,5.279e-5
1971,M,Grayson,35,1.925e-5
1972,F,Ida,326,2.0218e-4
1972,F,James,299,1.8543e-4
1972,F,John,224,1.3892e-4
1972,F,Maeve,9,5.58e-6
1972,F,Grayson,7,4.34e-6
1972,F,Fae,5,3.1e-6
1972,M,James,47083,0.02811471
1972,M,John,43182,0.0257853
1972,M,Ezra,103,6.15e-5
1972,M,Grayson,29,1.732e-5
1973,F,James,317,2.0399e-4
1973,F,Ida,307,1.9755e-4
1973,F,John,229,1.4736e-4
1973,F,Ezra,8,5.15e-6
1973,F,Maeve,8,5.15e-6
1973,M,James,42888,0.02656902
1973,M,John,39175,0.02426882
1973,M,Ezra,121,7.496e-5
1973,M,Grayson,27,1.673e-5
1974,F,Ida,302,1.9283e-4
1974,F,John,253,1.6154e-4
1974,F,James,251,1.6027e-4
1974,F,Maeve,7,4.47e-6
1974,F,Panya,6,3.83e-6
1974,M,James,41353,0.02535843
1974,M,John,37640,0.02308155
1974,M,Ezra,123,7.543e-5
1974,M,Grayson,36,2.208e-5
1975,F,James,254,1.6274e-4
1975,F,Ida,240,1.5377e-4
1975,F,John,233,1.4929e-4
1975,F,Fae,8,5.13e-6
1975,F,Maeve,7,4.49e-6
1975,F,Ezra,5,3.2e-6
1975,F,Panya,5,3.2e-6
1975,M,James,39592,0.0243939
1975,M,John,35096,0.02162377
1975,M,Ezra,145,8.934e-5
1975,M,Grayson,46,2.834e-5
1976,F,James,252,1.6032e-4
1976,F,Ida,217,1.3805e-4
1976,F,John,210,1.336e-4
1976,F,Maeve,9,5.73e-6
1976,F,Ezra,8,5.09e-6
1976,F,Fae,7,4.45e-6
1976,F,Panya,5,3.18e-6
1976,M,James,38306,0.02345421
1976,M,John,34008,0.02082261
1976,M,Ezra,149,9.123e-5
1976,M,Grayson,40,2.449e-5
1977,F,James,273,1.6596e-4
1977,F,Ida,250,1.5198e-4
1977,F,John,218,1.3253e-4
1977,F,Maeve,12,7.3e-6
1977,F,Ezra,7,4.26e-6
1977,F,Fae,6,3.65e-6
1977,M,James,40054,0.02342532
1977,M,John,34230,0.02001919
1977,M,Ezra,158,9.241e-5
1977,M,Grayson,36,2.105e-5
1978,F,James,269,1.6365e-4
1978,F,John,222,1.3505e-4
1978,F,Ida,219,1.3323e-4
1978,F,Maeve,13,7.91e-6
1978,F,Grayson,5,3.04e-6
1978,M,James,39914,0.02335383
1978,M,John,34036,0.01991459
1978,M,Ezra,150,8.777e-5
1978,M,Grayson,45,2.633e-5
1979,F,James,261,1.5147e-4
1979,F,John,244,1.416e-4
1979,F,Ida,240,1.3928e-4
1979,F,Maeve,12,6.96e-6
1979,F,Fae,6,3.48e-6
1979,F,Grayson,6,3.48e-6
1979,F,Panya,6,3.48e-6
1979,M,James,39370,0.02197201
1979,M,John,35438,0.0197776
1979,M,Ezra,157,8.762e-5
1979,M,Grayson,56,3.125e-5
1980,F,James,271,1.5222e-4
1980,F,John,251,1.4098e-4
1980,F,Ida,209,1.1739e-4
1980,F,Maeve,13,7.3e-6
1980,F,Grayson,8,4.49e-6
1980,F,Ezra,7,3.93e-6
1980,M,James,39325,0.02119919
1980,M,John,35279,0.01901808
1980,M,Ezra,167,9.003e-5
1980,M,Grayson,70,3.774e-5
1981,F,James,272,1.5211e-4
1981,F,Ida,206,1.152e-4
1981,F,John,195,1.0905e-4
1981,F,Maeve,20,1.118e-5
1981,F,Ezra,11,6.15e-6
1981,F,Panya,7,3.91e-6
1981,F,Grayson,5,2.8e-6
1981,M,James,38307,0.02056844
1981,M,John,34882,0.01872944
1981,M,Ezra,187,1.0041e-4
1981,M,Grayson,48,2.577e-5
1982,F,James,317,1.7475e-4
1982,F,John,234,1.29e-4
1982,F,Ida,205,1.1301e-4
1982,F,Maeve,19,1.047e-5
1982,F,Grayson,7,3.86e-6
1982,M,James,38872,0.02059852
1982,M,John,34699,0.01838722
1982,M,Ezra,178,9.432e-5
1982,M,Grayson,56,2.967e-5
1983,F,James,282,1.576e-4
1983,F,John,266,1.4866e-4
1983,F,Ida,152,8.495e-5
1983,F,Maeve,23,1.285e-5
1983,F,Grayson,9,5.03e-6
1983,M,James,36353,0.01950968
1983,M,John,33151,0.01779126
1983,M,Ezra,144,7.728e-5
1983,M,Grayson,75,4.025e-5
1984,F,James,238,1.3201e-4
1984,F,John,237,1.3146e-4
1984,F,Ida,155,8.597e-5
1984,F,Maeve,30,1.664e-5
1984,F,Fae,6,3.33e-6
1984,F,Grayson,5,2.77e-6
1984,M,James,35846,0.01910538
1984,M,John,32612,0.01738171
1984,M,Ezra,151,8.048e-5
1984,M,Grayson,100,5.33e-5
1985,F,James,287,1.5548e-4
1985,F,John,233,1.2623e-4
1985,F,Ida,153,8.289e-5
1985,F,Maeve,32,1.734e-5
1985,F,Grayson,11,5.96e-6
1985,F,Ezra,7,3.79e-6
1985,M,James,35854,0.01863686
1985,M,John,31499,0.01637314
1985,M,Ezra,173,8.993e-5
1985,M,Grayson,134,6.965e-5
1986,F,James,273,1.4796e-4
1986,F,John,220,1.1924e-4
1986,F,Ida,156,8.455e-5
1986,F,Maeve,45,2.439e-5
1986,F,Grayson,10,5.42e-6
1986,M,James,34034,0.0177172
1986,M,John,30203,0.01572288
1986,M,Ezra,163,8.485e-5
1986,M,Grayson,133,6.924e-5
1987,F,James,246,1.3128e-4
1987,F,John,197,1.0513e-4
1987,F,Ida,150,8.005e-5
1987,F,Maeve,41,2.188e-5
1987,F,Grayson,10,5.34e-6
1987,F,Ezra,8,4.27e-6
1987,M,James,32636,0.01674095
1987,M,John,29541,0.01515334
1987,M,Ezra,199,1.0208e-4
1987,M,Grayson,154,7.9e-5
1988,F,James,244,1.2691e-4
1988,F,John,167,8.686e-5
1988,F,Ida,163,8.478e-5
1988,F,Maeve,56,2.913e-5
1988,F,Grayson,13,6.76e-6
1988,F,Ezra,6,3.12e-6
1988,F,Fae,5,2.6e-6
1988,M,James,32503,0.01624071
1988,M,John,29401,0.01469074
1988,M,Ezra,201,1.0043e-4
1988,M,Grayson,151,7.545e-5
1989,F,James,176,8.836e-5
1989,F,Ida,134,6.727e-5
1989,F,John,134,6.727e-5
1989,F,Maeve,52,2.611e-5
1989,F,Grayson,11,5.52e-6
1989,M,James,32698,0.01560425
1989,M,John,29844,0.01424225
1989,M,Ezra,188,8.972e-5
1989,M,Grayson,169,8.065e-5
1990,F,Ida,121,5.891e-5
1990,F,James,115,5.599e-5
1990,F,John,81,3.944e-5
1990,F,Maeve,47,2.288e-5
1990,F,Grayson,13,6.33e-6
1990,F,Ezra,6,2.92e-6
1990,M,James,32347,0.015037
1990,M,John,29073,0.01351503
1990,M,Grayson,228,1.0599e-4
1990,M,Ezra,179,8.321e-5
1991,F,Ida,115,5.656e-5
1991,F,James,95,4.673e-5
1991,F,Maeve,67,3.295e-5
1991,F,John,63,3.099e-5
1991,F,Grayson,13,6.39e-6
1991,F,Ezra,8,3.93e-6
1991,M,James,30504,0.01439417
1991,M,John,27801,0.01311868
1991,M,Grayson,238,1.1231e-4
1991,M,Ezra,184,8.683e-5
1992,F,Ida,135,6.736e-5
1992,F,Maeve,79,3.942e-5
1992,F,James,70,3.492e-5
1992,F,John,56,2.794e-5
1992,F,Grayson,19,9.48e-6
1992,F,Ezra,11,5.49e-6
1992,M,James,28503,0.01358178
1992,M,John,26241,0.01250393
1992,M,Grayson,279,1.3294e-4
1992,M,Ezra,177,8.434e-5
1993,F,Ida,107,5.428e-5
1993,F,Maeve,90,4.566e-5
1993,F,James,75,3.805e-5
1993,F,John,69,3.5e-5
1993,F,Grayson,22,1.116e-5
1993,F,Ezra,9,4.57e-6
1993,M,James,26249,0.01271163
1993,M,John,24989,0.01210145
1993,M,Grayson,293,1.4189e-4
1993,M,Ezra,223,1.0799e-4
1994,F,Ida,107,5.49e-5
1994,F,Maeve,102,5.233e-5
1994,F,James,67,3.438e-5
1994,F,John,48,2.463e-5
1994,F,Grayson,24,1.231e-5
1994,F,Ezra,7,3.59e-6
1994,M,James,24768,0.01215341
1994,M,John,24178,0.01186391
1994,M,Grayson,385,1.8892e-4
1994,M,Ezra,226,1.109e-4
1994,M,Vasiliy,5,2.45e-6
1995,F,Maeve,133,6.923e-5
1995,F,Grayson,118,6.142e-5
1995,F,Ida,100,5.205e-5
1995,F,James,57,2.967e-5
1995,F,John,45,2.342e-5
1995,F,Ezra,14,7.29e-6
1995,M,John,23236,0.01155448
1995,M,James,22731,0.01130336
1995,M,Grayson,531,2.6405e-4
1995,M,Ezra,259,1.2879e-4
1995,M,Vasiliy,5,2.49e-6
1996,F,Maeve,141,7.356e-5
1996,F,Grayson,110,5.738e-5
1996,F,Ida,102,5.321e-5
1996,F,James,62,3.234e-5
1996,F,John,37,1.93e-5
1996,F,Ezra,19,9.91e-6
1996,M,John,22180,0.01107133
1996,M,James,21155,0.0105597
1996,M,Grayson,582,2.9051e-4
1996,M,Ezra,338,1.6872e-4
1997,F,Maeve,207,1.0844e-4
1997,F,Grayson,96,5.029e-5
1997,F,Ida,95,4.977e-5
1997,F,James,42,2.2e-5
1997,F,John,29,1.519e-5
1997,F,Ezra,24,1.257e-5
1997,F,Fae,5,2.62e-6
1997,M,John,21379,0.01070375
1997,M,James,20402,0.0102146
1997,M,Grayson,658,3.2944e-4
1997,M,Ezra,352,1.7623e-4
1998,F,Maeve,240,1.2384e-4
1998,F,Grayson,118,6.089e-5
1998,F,Ida,95,4.902e-5
1998,F,James,45,2.322e-5
1998,F,John,27,1.393e-5
1998,F,Ezra,22,1.135e-5
1998,M,John,20624,0.01017396
1998,M,James,19686,0.00971124
1998,M,Grayson,725,3.5765e-4
1998,M,Ezra,451,2.2248e-4
1998,M,Vasiliy,5,2.47e-6
1999,F,Maeve,343,1.7624e-4
1999,F,Grayson,126,6.474e-5
1999,F,Ida,70,3.597e-5
1999,F,James,40,2.055e-5
1999,F,John,39,2.004e-5
1999,F,Ezra,33,1.696e-5
1999,M,John,20346,0.00998162
1999,M,James,18551,0.00910101
1999,M,Grayson,811,3.9787e-4
1999,M,Ezra,458,2.2469e-4
2000,F,Maeve,295,1.4788e-4
2000,F,Grayson,160,8.021e-5
2000,F,Ida,90,4.512e-5
2000,F,James,40,2.005e-5
2000,F,Ezra,38,1.905e-5
2000,F,John,27,1.353e-5
2000,F,Fae,8,4.01e-6
2000,M,John,20092,0.00962541
2000,M,James,17981,0.0086141
2000,M,Grayson,926,4.4362e-4
2000,M,Ezra,562,2.6924e-4
2000,M,Zo,5,2.4e-6
2001,F,Maeve,317,1.601e-4
2001,F,Grayson,190,9.596e-5
2001,F,Ida,90,4.545e-5
2001,F,Ezra,42,2.121e-5
2001,F,James,42,2.121e-5
2001,F,John,32,1.616e-5
2001,M,John,18885,0.00913456
2001,M,James,17070,0.00825666
2001,M,Grayson,875,4.2323e-4
2001,M,Ezra,571,2.7619e-4
2001,M,Vasiliy,8,3.87e-6
2002,F,Maeve,350,1.7731e-4
2002,F,Grayson,156,7.903e-5
2002,F,Ida,74,3.749e-5
2002,F,Ezra,32,1.621e-5
2002,F,James,31,1.57e-5
2002,F,John,21,1.064e-5
2002,F,Fae,5,2.53e-6
2002,M,John,17446,0.00844625
2002,M,James,16957,0.00820951
2002,M,Grayson,929,4.4976e-4
2002,M,Ezra,566,2.7402e-4
2003,F,Maeve,413,2.0594e-4
2003,F,Grayson,138,6.881e-5
2003,F,Ida,84,4.189e-5
2003,F,Ezra,41,2.044e-5
2003,F,James,34,1.695e-5
2003,F,John,30,1.496e-5
2003,M,John,17225,0.00820218
2003,M,James,16891,0.00804313
2003,M,Grayson,1024,4.8761e-4
2003,M,Ezra,650,3.0952e-4
2004,F,Maeve,378,1.8745e-4
2004,F,Grayson,159,7.885e-5
2004,F,James,95,4.711e-5
2004,F,Ida,80,3.967e-5
2004,F,John,71,3.521e-5
2004,F,Ezra,52,2.579e-5
2004,F,Zo,6,2.98e-6
2004,M,James,16460,0.00779286
2004,M,John,16447,0.0077867
2004,M,Grayson,1196,5.6624e-4
2004,M,Ezra,729,3.4514e-4
2004,M,Vasiliy,8,3.79e-6
2005,F,Maeve,398,1.9624e-4
2005,F,Grayson,162,7.987e-5
2005,F,Ida,87,4.29e-5
2005,F,Ezra,57,2.81e-5
2005,F,John,37,1.824e-5
2005,F,James,26,1.282e-5
2005,F,Zo,7,3.45e-6
2005,F,Fae,6,2.96e-6
2005,M,James,16133,0.00758831
2005,M,John,15765,0.00741522
2005,M,Grayson,1308,6.1523e-4
2005,M,Ezra,850,3.9981e-4
2006,F,Maeve,447,2.1397e-4
2006,F,Grayson,143,6.845e-5
2006,F,Ida,84,4.021e-5
2006,F,Ezra,57,2.729e-5
2006,F,James,46,2.202e-5
2006,F,John,35,1.675e-5
2006,F,Fae,8,3.83e-6
2006,M,James,16235,0.00741041
2006,M,John,15161,0.00692019
2006,M,Grayson,1680,7.6683e-4
2006,M,Ezra,910,4.1537e-4
2007,F,Maeve,480,2.2697e-4
2007,F,Grayson,191,9.032e-5
2007,F,Ida,94,4.445e-5
2007,F,Ezra,74,3.499e-5
2007,F,James,33,1.56e-5
2007,F,John,22,1.04e-5
2007,F,Fae,7,3.31e-6
2007,M,James,15957,0.0072092
2007,M,John,14430,0.00651931
2007,M,Grayson,1852,8.3671e-4
2007,M,Ezra,949,4.2875e-4
2007,M,Vasiliy,8,3.61e-6
2008,F,Maeve,486,2.3355e-4
2008,F,Grayson,154,7.401e-5
2008,F,Ida,99,4.757e-5
2008,F,Ezra,82,3.941e-5
2008,F,James,32,1.538e-5
2008,F,John,21,1.009e-5
2008,F,Fae,5,2.4e-6
2008,M,James,15171,0.00696412
2008,M,John,13314,0.00611168
2008,M,Grayson,2114,9.7041e-4
2008,M,Ezra,1160,5.3249e-4
2008,M,Vasiliy,5,2.3e-6
2009,F,Maeve,508,2.5112e-4
2009,F,Grayson,110,5.438e-5
2009,F,Ida,95,4.696e-5
2009,F,Ezra,90,4.449e-5
2009,F,James,51,2.521e-5
2009,F,John,11,5.44e-6
2009,F,Fae,7,3.46e-6
2009,M,James,14206,0.00670425
2009,M,John,12114,0.00571697
2009,M,Grayson,2257,0.00106515
2009,M,Ezra,1343,6.338e-4
2010,F,Maeve,546,2.7882e-4
2010,F,Grayson,131,6.69e-5
2010,F,Ida,102,5.209e-5
2010,F,Ezra,89,4.545e-5
2010,F,James,29,1.481e-5
2010,F,Fae,12,6.13e-6
2010,F,John,10,5.11e-6
2010,F,Zo,6,3.06e-6
2010,M,James,13877,0.00676227
2010,M,John,11555,0.00563076
2010,M,Grayson,3354,0.00163441
2010,M,Ezra,1446,7.0464e-4
2010,M,Vasiliy,6,2.92e-6
2011,F,Maeve,489,2.5271e-4
2011,F,Grayson,115,5.943e-5
2011,F,Ezra,101,5.22e-5
2011,F,Ida,94,4.858e-5
2011,F,James,30,1.55e-5
2011,F,John,21,1.085e-5
2011,F,Fae,12,6.2e-6
2011,F,Zo,6,3.1e-6
2011,M,James,13247,0.00653015
2011,M,John,11042,0.00544319
2011,M,Grayson,3937,0.00194076
2011,M,Ezra,1757,8.6612e-4
2012,F,Maeve,570,2.9439e-4
2012,F,Grayson,177,9.141e-5
2012,F,Ezra,122,6.301e-5
2012,F,Ida,99,5.113e-5
2012,F,James,28,1.446e-5
2012,F,Fae,20,1.033e-5
2012,F,John,11,5.68e-6
2012,F,Zo,10,5.16e-6
2012,M,James,13418,0.00662326
2012,M,John,10615,0.00523967
2012,M,Grayson,4711,0.0023254
2012,M,Ezra,2085,0.00102918
2012,M,Vasiliy,5,2.47e-6
2013,F,Maeve,625,3.2487e-4
2013,F,Grayson,163,8.473e-5
2013,F,Ezra,151,7.849e-5
2013,F,Ida,118,6.134e-5
2013,F,James,28,1.455e-5
2013,F,Fae,19,9.88e-6
2013,F,John,16,8.32e-6
2013,F,Zo,8,4.16e-6
2013,M,James,13552,0.00671979
2013,M,John,10704,0.0053076
2013,M,Grayson,5551,0.00275247
2013,M,Ezra,2747,0.00136211
2013,M,Vasiliy,5,2.48e-6
2014,F,Maeve,648,3.3203e-4
2014,F,Grayson,165,8.454e-5
2014,F,Ezra,158,8.096e-5
2014,F,Ida,149,7.635e-5
2014,F,James,42,2.152e-5
2014,F,Fae,21,1.076e-5
2014,F,John,14,7.17e-6
2014,F,Zo,11,5.64e-6
2014,M,James,14420,0.00705349
2014,M,John,10687,0.00522751
2014,M,Grayson,6569,0.0032132
2014,M,Ezra,3410,0.00166799
2014,M,Vasiliy,7,3.42e-6
2014,M,Zo,5,2.45e-6
2015,F,Maeve,701,3.6035e-4
2015,F,Ezra,208,1.0692e-4
2015,F,Grayson,170,8.739e-5
2015,F,Ida,159,8.173e-5
2015,F,James,39,2.005e-5
2015,F,Fae,22,1.131e-5
2015,F,Zo,14,7.2e-6
2015,F,John,11,5.65e-6
2015,M,James,14799,0.00726035
2015,M,John,10373,0.00508897
2015,M,Grayson,7901,0.00387621
2015,M,Ezra,4323,0.00212085
2016,F,Maeve,819,4.247e-4
2016,F,Ezra,199,1.0319e-4
2016,F,Ida,194,1.006e-4
2016,F,Grayson,157,8.141e-5
2016,F,James,66,3.422e-5
2016,F,Fae,29,1.504e-5
2016,F,Zo,18,9.33e-6
2016,F,John,12,6.22e-6
2016,M,James,14842,0.00735557
2016,M,John,9995,0.00495344
2016,M,Grayson,8660,0.00429182
2016,M,Ezra,4856,0.00240659
2016,M,Zo,6,2.97e-6
2017,F,Maeve,860,4.5869e-4
2017,F,Ezra,205,1.0934e-4
2017,F,Ida,177,9.441e-5
2017,F,Grayson,127,6.774e-5
2017,F,James,77,4.107e-5
2017,F,Zo,40,2.133e-5
2017,F,Fae,24,1.28e-5
2017,F,John,10,5.33e-6
2017,M,James,14232,0.00724906
2017,M,John,9434,0.0048052
2017,M,Grayson,8640,0.00440078
2017,M,Ezra,5290,0.00269446
2017,M,Zo,9,4.58e-6
